NYC DEPARTMENT OF SANITATION PUBLIC SPACE RECYCLING SITE LIST,,,,,,,,,
SITE INFORMATION AND RECEPTACLE COUNT IS CURRENT AS OF THE FOLLOWING DATE,,,,,,,9/5/2018,,
,,,,,PUBLIC SPACE RECYCLING RECEPTACLE TOTAL (DSNY+PRIVATE),,2602,,
,,,,,PUBLIC SPACE RECYCLING RECEPTACLE TOTAL (DSNY ONLY),,2153,,
,,,,,PUBLIC SPACE RECYCLING PAPER RECEPTACLE TOTAL (DSNY ONLY),,1064,,
,,,,,PUBLIC SPACE RECYCLING MGP RECEPTACLE TOTAL (DSNY ONLY),,1089,,
,,,,,PRIVATE PUBLIC SPACE RECYCLING RECEPTACLES,,449,,
BOROUGH,,,,,"# DSNY RECEPTACLE SITES
(PRIVATE LOCATIONS NOT INCLUDED)",,# OF RECEPTACLES,,
MANHATTAN,,,,,241,,714,,
BRONX,,,,,50,,256,,
BROOKLYN NORTH,,,,,66,,194,,
BROOKLYN SOUTH,,,,,115,,307,,
QUEENS WEST,,,,,57,,152,,
QUEENS EAST,,,,,101,,267,,
STATEN ISLAND,,,,,74,,263,,
CITYWIDE TOTAL,,,,,704,,2153,,
,,,,,"Locations Highlighted in Yellow Are the ""New Style Silve Bullet"" Style Receptacles",,,,
,,,,,MANHATTAN DSNY PUBLIC SPACE RECYCLING SITES,,,,
,ZONE,DISTRICT,TYPE,STYLE,PLACED,SITE NAME/ BASKET LOCATION,PARTNER (IF ANY),P#A POEFR,#M OGFP
1,MAN,M01,CITY AGENCY,NEW,2017,31 CHAMBERS STREET,DCAS - 31 CHAMBERS ST,1,1
2,MAN,M01,CITY AGENCY,NEW,2017,100 GOLD STREET,DCAS - 100 GOLD STREET,2,2
3,MAN,M01,CITY AGENCY,NEW,2017,253 BROADWAY,DCAS - 253 BROADWAY,1,1
4,MAN,M01,CITY AGENCY,NEW,2017,CENTRE ST AND CHAMBERS ST,DCAS - 1 CENTRE ST,1,1
5,MAN,M01,CITY AGENCY,NEW,2017,SOUTH ENTRANCE IN PLAZA,DCAS - 1 CENTRE ST,1,1
6,MAN,M01,CITY AGENCY,NEW,2017,NORTH SIDE OUTDOOR FOOD COURT,DCAS - 1 CENTRE ST,1,1
7,MAN,M01,CITY AGENCY,NEW,2017,SOUTH SIDE OUTDOOR FOOD COURT,DCAS - 1 CENTRE ST,1,1
8,MAN,M01,CITY AGENCY,NEW,2017,INSIDE BUILDING,DCAS - 80 CENTRE ST,1,1
9,MAN,M01,CITY AGENCY,NEW,2017,CORNER OF CENTRE ST AND WHITE ST,DCAS - 137 CENTRE ST,1,1
10,MAN,M01,CITY AGENCY,NEW,2017,CORNER OF LAFAYETTE ST AND LEONARD ST,DCAS - 60 LAFAYETTE ST,1,1
11,MAN,M01,DISTRICT,NEW,2008,N/W/C CHAMBERS ST & GREENWICH ST,N/A,1,1
12,MAN,M01,PARK,NEW,2008,LAFAYETTE AND DUANE ST,NYC PARKS - THOMAS PAINE PARK,1,1
15,MAN,M01,PARK,NEW,2017,PIER 25 (MINI GOLF AND SKATE PARK),HUDSON RIVER PARK TRUST,0,2
16,MAN,M01,PARK,NEW,2017,PIER 25 (PLAYGROUND WEST GATE),HUDSON RIVER PARK TRUST,0,1
17,MAN,M01,PARK,NEW,2017,PIER 25 (WEST END),HUDSON RIVER PARK TRUST,0,1
18,MAN,M01,PARK,NEW,2017,HARRISON ST BASKETBALL CT,HUDSON RIVER PARK TRUST,0,1
19,MAN,M01,PARK,OLD,2013,GOVERNORS ISLAND,TRUST FOR GOVERNORS ISLAND,13,13
20,MAN,M01,CITY AGENCY,NEW,2014,N/W CENTRE ST AND WORTH ST - NYC DEPARTMENT OF SANITATION HQ,DCAS,1,1
20,MAN,M01,CITY AGENCY,NEW,2014,N/E CENTRE ST AND WORTH ST - NYC DEPARTMENT OF SANITATION HQ,DCAS,1,1
21,MAN,M01,CITY AGENCY,NEW,2014,N/E LAFAYETTE ST AND WORTH ST - NYC DEPARTMENT OF SANITATION HQ,DCAS,1,1
22,MAN,M01,CITY AGENCY,NEW,2015,4 SOUTH STREET - WHITEHALL FERRY TERMINAL,DOT,10,10
24,MAN,M01,DISTRICT,NEW,2014,N/E/C CHAMBERS ST & WEST ST,N/A,1,1
25,MAN,M01,NON-PROFIT,NEW,2016,LOCATED INSIDE BATTERY PARK CITY,BATTERY PARK CITY CONSERVANCY,6,6
27,MAN,M01,PARK,NEW,2008,CENTRE ST AND WORTH ST,NYC PARKS - THOMAS PAINE PARK,1,1
28,MAN,M01,PARK,NEW,2014,CENTRE ST AND CITY HALL PARK - CITY HALL PARK,NYC PARKS - CITY HALL PARK,1,1
29,MAN,M01,PARK,NEW,2014,BROADWAY AND WARREN ST,NYC PARKS - CITY HALL PARK,1,1
30,MAN,M01,PARK,NEW,2014,WEST WALKWAY THROUGH CITY HALL PARK BY PARK PL,NYC PARKS - CITY HALL PARK,1,1
31,MAN,M01,PARK,NEW,2014,SOUTH END OF FOUNTAIN INSIDE THE PARK,NYC PARKS - CITY HALL PARK,1,1
37,MAN,M02,PARK,NEW,2017,COURTYARD WEST,HUDSON RIVER PARK TRUST,0,1
38,MAN,M02,PARK,NEW,2017,PIER 40 DOG RUN,HUDSON RIVER PARK TRUST,0,1
39,MAN,M02,PARK,NEW,2017,PIER 40 COURTYARD AND TUNNEL,HUDSON RIVER PARK TRUST,0,3
40,MAN,M02,PARK,NEW,2017,PIER 45,HUDSON RIVER PARK TRUST,0,1
41,MAN,M02,PARK,NEW,2017,PIER 51,HUDSON RIVER PARK TRUST,0,1
42,MAN,M02,PARK,NEW,2017,PIER 57,HUDSON RIVER PARK TRUST,0,1
43,MAN,M02,PARK,OLD,2012,MAIN ENTRANCE,NYC PARKS - JJ WALKER PARK,1,1
46,MAN,M02,DISTRICT,NEW,2013,N/E/C BROADWAY/BROOME ST,N/A,1,1
47,MAN,M02,DISTRICT,NEW,2013,S/W/C BROADWAY/BROOME ST,N/A,1,1
48,MAN,M02,DISTRICT,NEW,2013,S/W/C BROADWAY/HOWARD ST,N/A,1,1
49,MAN,M02,PARK,OLD,2013,1 CLARKSON ST,NYC PARKS - TONY DAPOLITO RECREATION CENTER,1,1
50,MAN,M02,NON-PROFIT,NEW,2013,N/W WASHINGTON ST AND GANSEVOORT ST,FRIENDS OF THE HIGH LINE,1,1
52,MAN,M02,DISTRICT,NEW,2013,SW WEST 3RD AND BROADWAY,N/A,1,1
53,MAN,M02,DISTRICT,NEW,2013,NE WEST 3RD AND BROADWAY,N/A,1,1
54,MAN,M02,DISTRICT,NEW,2013,SW WEST 3RD AND MERCER,N/A,1,1
55,MAN,M02,DISTRICT,NEW,2013,NE WEST 3RD AND MERCER,N/A,1,1
56,MAN,M02,DISTRICT,NEW,2013,NW WEST 3RD AND LAGUARDIA PLACE,N/A,1,1
57,MAN,M02,DISTRICT,NEW,2013,NW WEST 3RD AND THOMPSON ST,N/A,1,1
58,MAN,M02,DISTRICT,NEW,2013,NE WEST 3RD AND THOMPSON ST,N/A,1,1
59,MAN,M02,DISTRICT,NEW,2013,NW WEST 3RD AND SULLIVAN ST,N/A,1,1
60,MAN,M02,DISTRICT,NEW,2013,NE WEST 3RD AND SULLIVAN ST,N/A,1,1
61,MAN,M02,DISTRICT,NEW,2013,SW WASHINGTON SQUARE WEST AND WASHINGTON SQUARE NORTH,N/A,1,1
62,MAN,M02,DISTRICT,NEW,2013,NE WASHINGTON SQUARE WEST AND WASHINGTON SQUARE NORTH,N/A,1,1
63,MAN,M02,DISTRICT,NEW,2013,SW WASHINGTON SQUARE WEST AND WASHINGTON PLACE,N/A,1,1
64,MAN,M02,DISTRICT,NEW,2013,NE WASHINGTON SQUARE WEST AND WASHINGTON PLACE,N/A,1,1
65,MAN,M02,DISTRICT,NEW,2013,SW WASHINGTON SQUARE WEST AND WEST 4TH ST,N/A,1,1
66,MAN,M02,DISTRICT,NEW,2013,NE WASHINGTON SQUARE WEST AND WEST 4TH ST,N/A,1,1
68,MAN,M02,DISTRICT,NEW,2013,SW LAFAYETTE STREET AND WEST 4TH ST,N/A,1,1
69,MAN,M02,DISTRICT,NEW,2013,NE LAFAYETTE STREET AND WEST 4TH ST,N/A,1,1
72,MAN,M02,DISTRICT,NEW,2013,SW WASHINGTON SQUARE NORTH AND UNIVERSITY PLACE,N/A,2,2
73,MAN,M02,DISTRICT,NEW,2013,NW WASHINGTON SQUARE NORTH AND BROADWAY,N/A,1,1
75,MAN,M02,DISTRICT,NEW,2013,N/W/C WAVERLY PLACE & GREENE ST.,N/A,1,1
76,MAN,M02,DISTRICT,NEW,2013,S/E/C/ WAVERLY PLACE & GREENE ST.,N/A,1,1
77,MAN,M02,DISTRICT,NEW,2013,N/E/C WAVERLY PLACE & MERCER ST.,N/A,1,1
78,MAN,M02,DISTRICT,NEW,2013,S/E/C WAVERLY PLACE & MERCER ST.,N/A,1,1
82,MAN,M04,PARK,NEW,2017,PIER 62 (GARDEN AREA),HUDSON RIVER PARK TRUST,0,1
83,MAN,M04,PARK,NEW,2017,PIER 62 (SKATE PARK),HUDSON RIVER PARK TRUST,0,1
84,MAN,M04,PARK,NEW,2017,14TH STREET PARK,HUDSON RIVER PARK TRUST,0,1
85,MAN,M04,PARK,NEW,2017,CHELSEA WATERSIDE PARK FIELD,HUDSON RIVER PARK TRUST,0,1
86,MAN,M04,PARK,NEW,2017,CHELSEA WATERSIDE PARK PLAYGROUND,HUDSON RIVER PARK TRUST,0,1
87,MAN,M04,PARK,NEW,2017,PIER 66 SEATING AREA,HUDSON RIVER PARK TRUST,0,1
88,MAN,M04,PARK,NEW,2017,PIER 84 (43RD ST BY BIKE SHOP),HUDSON RIVER PARK TRUST,0,1
89,MAN,M04,PARK,NEW,2017,PIER 84 (44TH ST PARK BUILDING),HUDSON RIVER PARK TRUST,0,1
90,MAN,M04,PARK,NEW,2017,PIER 95,HUDSON RIVER PARK TRUST,0,1
91,MAN,M04,PARK,OLD,2012,430 W. 25TH ST - CHELSEA RECREATION CENTER,NYC PARKS - CHELSEA RECREATION CENTER,1,1
92,MAN,M04,DISTRICT,NEW,2015,N/W/C 9TH AVE AND 34TH ST,N/A,1,1
93,MAN,M04,DISTRICT,NEW,2015,N/W/C 8TH AVE AND 36TH ST,N/A,1,1
94,MAN,M04,DISTRICT,NEW,2015,N/W/C 8TH AVE AND 37TH ST,N/A,1,1
95,MAN,M04,DISTRICT,NEW,2015,N/W/C 8TH AVE AND 38TH ST,N/A,1,1
96,MAN,M04,DISTRICT,NEW,2015,N/W/C 8TH AVE AND 39TH ST,N/A,1,1
97,MAN,M04,DISTRICT,NEW,2015,N/E/C 9TH AVE AND 48TH ST,N/A,1,1
98,MAN,M04,DISTRICT,NEW,2015,N/E/C 9TH AVE AND 49TH ST,N/A,1,1
99,MAN,M04,DISTRICT,NEW,2015,N/E/C 9TH AVE AND 51ST ST,N/A,1,1
100,MAN,M04,DISTRICT,NEW,2015,S/E/C 9TH AVE AND 52ND ST,N/A,1,1
101,MAN,M04,DISTRICT,NEW,2015,N/E/C 9TH AVE AND 52ND ST,N/A,1,1
102,MAN,M04,DISTRICT,NEW,2015,S/W/C 6TH AVE AND 15TH ST,N/A,1,1
103,MAN,M04,DISTRICT,NEW,2015,N/W/C 6TH AVE AND 24TH ST,N/A,1,1
104,MAN,M04,DISTRICT,NEW,2015,S/W/C 6TH AVE AND 25TH ST,N/A,1,1
105,MAN,M04,DISTRICT,NEW,2015,S/E/C TENTH AVE. AND 23 ST.,N/A,1,1
106,MAN,M04,DISTRICT,NEW,2015,S/E/C TENTH AVE. AND 51 ST.,N/A,1,1
107,MAN,M04,DISTRICT,NEW,2015,N/E/C TENTH AVE. AND 57 ST.,N/A,1,1
108,MAN,M04,DISTRICT,NEW,2015,N/W/C ELEVENTH AVE. AND 37 ST.,N/A,1,1
109,MAN,M04,DISTRICT,NEW,2015,N/E/C ELEVENTH AVE. AND 42 ST.,N/A,1,1
110,MAN,M04,DISTRICT,NEW,2015,N/E/C ELEVENTH AVE. AND 57 ST.,N/A,1,1
113,MAN,M04,DISTRICT,NEW,2015,S/W 11TH AVE & 34TH ST,N/A,1,1
114,MAN,M05,BID,OLD,2008,57TH ST AND LEXINGTON AVE,EAST MIDTOWN PARTNERSHIP,4,4
115,MAN,M05,PARK,NEW,2007,"BROADWAY TO 4 AVE., E 14 ST. TO E 17 ST",NYC PARKS - UNION SQUARE PARK,15,15
116,MAN,M05,DISTRICT,NEW,2014,N/E/C 8TH AVE AND 36TH ST,N/A,1,1
117,MAN,M05,DISTRICT,NEW,2014,N/E/C 8TH AVE AND 37TH ST,N/A,1,1
118,MAN,M05,DISTRICT,NEW,2014,N/E/C 8TH AVE AND 39TH ST,N/A,1,1
119,MAN,M05,DISTRICT,NEW,2014,S/E/C 8TH AVE AND 54TH ST,N/A,1,1
120,MAN,M05,DISTRICT,NEW,2014,N/E/C 8TH AVE AND 55TH ST,N/A,1,1
121,MAN,M05,DISTRICT,NEW,2014,N/E/C 8TH AVE AND 57TH ST,N/A,1,1
122,MAN,M05,DISTRICT,NEW,2014,N/E/C 7TH AVE AND 58TH ST,N/A,1,1
123,MAN,M05,DISTRICT,NEW,2014,S/W/C 7TH AVE AND 58TH ST,N/A,1,1
124,MAN,M05,DISTRICT,NEW,2014,S/W/C 7TH AVE AND 57TH ST,N/A,1,1
125,MAN,M05,DISTRICT,NEW,2014,S/E/C 7TH AVE AND 57TH ST,N/A,1,1
126,MAN,M05,DISTRICT,NEW,2014,S/E/C 7TH AVE AND 56TH ST,N/A,1,1
127,MAN,M05,DISTRICT,NEW,2014,N/E/C 7TH AVE AND 55TH ST,N/A,1,1
128,MAN,M05,DISTRICT,NEW,2014,S/W/C 7TH AVE AND 55TH ST,N/A,1,1
131,MAN,M05,DISTRICT,NEW,2014,S/W/C 7TH AVE AND 40TH ST,N/A,1,1
132,MAN,M05,DISTRICT,NEW,2014,S/W/C 7TH AVE AND 39TH ST,N/A,1,1
133,MAN,M05,DISTRICT,NEW,2014,S/W/C 7TH AVE AND 38TH ST,N/A,1,1
132,MAN,M05,DISTRICT,NEW,2014,S/E/C 7TH AVE AND 39TH ST,N/A,1,1
133,MAN,M05,DISTRICT,NEW,2014,S/E/C 7TH AVE AND 38TH ST,N/A,1,1
134,MAN,M05,DISTRICT,NEW,2014,S/E/C 7TH AVE AND 37TH ST,N/A,1,1
135,MAN,M05,DISTRICT,NEW,2014,S/W/C 7TH AVE AND 37TH ST,N/A,1,1
136,MAN,M05,DISTRICT,NEW,2014,S/W/C 7TH AVE AND 36TH ST,N/A,1,1
137,MAN,M05,DISTRICT,NEW,2014,N/W/C 7TH AVE AND 35TH ST,N/A,1,1
137,MAN,M05,DISTRICT,NEW,2014,S/E/C 7TH AVE AND 35TH ST,N/A,1,1
139,MAN,M05,DISTRICT,NEW,2014,N/E/C 8TH AVE AND 38TH ST,N/A,1,1
140,MAN,M05,DISTRICT,NEW,2014,N/E/C 8TH AVE AND 53RD ST,N/A,1,1
141,MAN,M05,DISTRICT,NEW,2014,N/E/C 8TH AVE AND 56TH ST,N/A,1,1
143,MAN,M05,DISTRICT,NEW,2014,S/E/C 7TH AVE AND 34TH ST,N/A,1,1
145,MAN,M05,DISTRICT,NEW,2014,N/E/C 7TH AVE AND 32ND ST,N/A,1,1
145,MAN,M05,DISTRICT,NEW,2014,S/E/C 7TH AVE AND 32ND ST,N/A,1,1
147,MAN,M05,DISTRICT,NEW,2014,S/W/C/7TH AVE AND 31ST ST,N/A,1,1
148,MAN,M05,DISTRICT,NEW,2015,S/E/C 7TH AVE AND 35TH ST,N/A,1,1
149,MAN,M05,DISTRICT,NEW,2015,S/E/C 7TH AVE AND 35TH ST,N/A,1,0
150,MAN,M06,PARK,OLD,2012,348 E. 54TH ST - EAST 54TH ST RECREATION CENTER,NYC PARKS - EAST 54TH ST RECREATION CENTER,1,1
151,MAN,M06,DISTRICT,NEW,2015,N/E/C THIRD AVE. AND 14 ST.,N/A,1,1
152,MAN,M06,DISTRICT,NEW,2015,N/E/C THIRD AVE. AND 15 ST.,N/A,1,1
153,MAN,M06,DISTRICT,NEW,2015,N/E/C THIRD AVE. AND 16 ST.,N/A,1,1
154,MAN,M06,DISTRICT,NEW,2015,N/E/C THIRD AVE. AND 17 ST.,N/A,1,1
155,MAN,M06,DISTRICT,NEW,2015,N/E/C THIRD AVE. AND 18 ST.,N/A,1,1
156,MAN,M06,DISTRICT,NEW,2015,N/E/C THIRD AVE. AND 19 ST.,N/A,1,1
157,MAN,M06,DISTRICT,NEW,2015,N/E/C THIRD AVE. AND 20 ST.,N/A,1,1
158,MAN,M06,DISTRICT,NEW,2015,N/E/C THIRD AVE. AND 21 ST.,N/A,1,1
159,MAN,M06,DISTRICT,NEW,2015,N/E/C THIRD AVE. AND 22 ST.,N/A,1,1
160,MAN,M06,DISTRICT,NEW,2015,N/E/C THIRD AVE. AND 23 ST.,N/A,1,1
162,MAN,M07,DISTRICT,OLD,2013,S/W/C BROADWAY AND 84TH ST,N/A,1,1
163,MAN,M07,DISTRICT,OLD,2013,N/W/C BROADWAY AND 83RD ST,N/A,1,1
164,MAN,M07,DISTRICT,OLD,2013,N/W/C BROADWAY AND 82ND ST,N/A,1,1
165,MAN,M07,DISTRICT,OLD,2013,N/W/C BROADWAY AND 77TH ST,N/A,1,1
166,MAN,M07,DISTRICT,OLD,2013,S/W/C BROADWAY/76TH ST,N/A,1,1
167,MAN,M07,DISTRICT,OLD,2013,N/W/C BROADWAY/73RD ST,N/A,1,1
168,MAN,M07,DISTRICT,OLD,2013,N/E/C BROADWAY/76TH ST,N/A,1,1
169,MAN,M07,DISTRICT,OLD,2013,S/E/C BROADWAY/77TH ST,N/A,1,1
171,MAN,M07,DISTRICT,NEW,2013,S/E/C BROADWAY/83RD ST,N/A,1,1
172,MAN,M07,DISTRICT,OLD,2013,S/E/C BROADWAY/108TH ST,N/A,1,1
176,MAN,M07,DISTRICT,OLD,2013,N/W/C AMSTERDAM AVENUE/105TH ST,N/A,1,1
177,MAN,M07,DISTRICT,NEW,2013,N/E/C AMSTERDAM AVENUE/106TH ST,N/A,1,1
178,MAN,M07,DISTRICT,NEW,2013,S/W/C AMSTERDAM AVENUE/106TH ST,N/A,1,1
209,MAN,M07,DISTRICT,NEW,2014,S/W/C OF WEST 63RD STREET AND BROADWAY,N/A,1,1
211,MAN,M07,DISTRICT,NEW,2014,N/E/C OF WEST 64TH STREET AND BROADWAY,N/A,1,1
212,MAN,M07,DISTRICT,NEW,2014,S/E/COF WEST 70TH STREET AND BROADWAY,N/A,1,1
213,MAN,M07,DISTRICT,NEW,2014,S/W/C OF WEST 70TH STREET AND BROADWAY,N/A,1,1
220,MAN,M07,DISTRICT,NEW,2014,S/W/C COLUMBUS AVE & 71ST ST,N/A,1,1
221,MAN,M07,DISTRICT,NEW,2014,S/W/C COLUMBUS AVE & 75TH ST,N/A,1,1
222,MAN,M07,DISTRICT,NEW,2014,N/E/C COLUMBUS AVE & 75TH ST,N/A,1,1
223,MAN,M07,DISTRICT,OLD,2014,S/W/C COLUMBUS AVE & 74TH ST,N/A,1,1
224,MAN,M07,DISTRICT,OLD,2014,N/E/C COLUMBUS AVE & 74TH ST,N/A,1,1
225,MAN,M07,DISTRICT,NEW,2014,S/W/C COLUMBUS AVE & 73RD ST,N/A,1,1
226,MAN,M07,DISTRICT,NEW,2014,N/E/C COLUMBUS AVE & 73RD ST,N/A,1,1
227,MAN,M07,DISTRICT,NEW,2014,N/E/C COLUMBUS AVE & 71ST ST,N/A,1,1
228,MAN,M07,DISTRICT,NEW,2014,S/E BROADWAY AND 99TH ST,N/A,1,1
231,MAN,M07,DISTRICT,NEW,2014,N/W BROADWAY AND 98TH ST,N/A,1,1
232,MAN,M07,DISTRICT,NEW,2014,N/E BROADWAY AND 92ND ST,N/A,1,1
233,MAN,M07,DISTRICT,NEW,2014,S/W BROADWAY AND 92ND ST,N/A,1,1
234,MAN,M07,DISTRICT,NEW,2014,S/E BROADWAY AND 91ST ST,N/A,1,1
235,MAN,M07,DISTRICT,NEW,2014,N/W BROADWAY AND 91ST ST,N/A,1,1
236,MAN,M07,DISTRICT,NEW,2014,S/W BROADWAY AND 90TH ST,N/A,1,1
237,MAN,M07,DISTRICT,NEW,2014,N/W BROADWAY AND 89TH ST,N/A,1,1
238,MAN,M07,DISTRICT,NEW,2014,N/E BROADWAY AND 88TH ST,N/A,1,1
239,MAN,M07,DISTRICT,NEW,2014,S/W BROADWAY AND 88TH ST,N/A,1,1
241,MAN,M07,DISTRICT,NEW,2014,S/W BROADWAY AND 87TH ST,N/A,1,1
242,MAN,M08,NON-PROFIT,OLD,2012,70TH ST AND PARK AVE,ASIA SOCIETY,0,1
243,MAN,M08,DISTRICT,NEW,2014,N/E LEXINGTON AVE AND 76TH ST,N/A,1,1
244,MAN,M08,DISTRICT,NEW,2014,S/W LEXINGTON AVE AND 76TH ST,N/A,1,1
245,MAN,M08,DISTRICT,NEW,2014,N/E LEXINGTON AVE AND 75TH ST,N/A,1,1
246,MAN,M08,DISTRICT,NEW,2014,S/W LEXINGTON AVE AND 75TH ST,N/A,1,1
247,MAN,M08,DISTRICT,NEW,2014,S/E LEXINGTON AVE AND 74TH ST,N/A,1,1
248,MAN,M08,DISTRICT,NEW,2014,N/W LEXINGTON AVE AND 74TH ST,N/A,1,1
249,MAN,M08,DISTRICT,NEW,2014,N/E LEXINGTON AVE AND 73RD ST,N/A,1,1
250,MAN,M08,DISTRICT,NEW,2014,S/W LEXINGTON AVE AND 73RD ST,N/A,1,1
251,MAN,M08,DISTRICT,NEW,2014,N/E LEXINGTON AVE AND 72ND ST,N/A,1,1
252,MAN,M08,DISTRICT,NEW,2014,S/W LEXINGTON AVE AND 72ND ST,N/A,1,1
253,MAN,M08,DISTRICT,NEW,2014,N/E LEXINGTON AVE AND 71ST ST,N/A,1,1
254,MAN,M08,DISTRICT,NEW,2014,S/W LEXINGTON AVE AND 71ST ST,N/A,1,1
255,MAN,M08,DISTRICT,NEW,2014,N/E LEXINGTON AVE AND 70TH ST,N/A,1,1
256,MAN,M08,DISTRICT,NEW,2014,S/W LEXINGTON AVE AND 70TH ST,N/A,1,1
257,MAN,M08,DISTRICT,NEW,2014,N/E LEXINGTON AVE AND 69TH ST,N/A,1,1
258,MAN,M08,DISTRICT,NEW,2014,S/W LEXINGTON AVE AND 69TH ST,N/A,1,1
259,MAN,M08,DISTRICT,NEW,2014,N/E LEXINGTON AVE AND 68TH ST,N/A,1,1
260,MAN,M08,DISTRICT,NEW,2014,S/W LEXINGTON AVE AND 68TH ST,N/A,1,1
261,MAN,M08,DISTRICT,NEW,2014,N/E LEXINGTON AVE AND 67TH ST,N/A,1,1
262,MAN,M08,DISTRICT,NEW,2014,N/E LEXINGTON AVE AND 66TH ST,N/A,1,1
263,MAN,M08,DISTRICT,NEW,2014,S/W LEXINGTON AVE AND 66TH ST,N/A,1,1
264,MAN,M08,DISTRICT,NEW,2014,S/E LEXINGTON AVE AND 65TH ST,N/A,1,1
265,MAN,M08,DISTRICT,NEW,2014,N/W LEXINGTON AVE AND 65TH ST,N/A,1,1
266,MAN,M08,DISTRICT,NEW,2014,S/E LEXINGTON AVE AND 64TH ST,N/A,1,0
267,MAN,M08,DISTRICT,NEW,2015,N/W LEXINGTON AVE AND 64TH ST,N/A,1,1
274,MAN,M09,DISTRICT,NEW,2013,NE 116TH ST AND AMSTERDAM AVE,N/A,1,1
275,MAN,M09,DISTRICT,NEW,2013,SW 116TH ST AND AMSTERDAM AVE,N/A,1,1
276,MAN,M09,DISTRICT,NEW,2013,S/E/C BROADWAY AND 118 ST.,N/A,1,1
278,MAN,M09,DISTRICT,NEW,2013,S/E/C BROADWAY AND 125 ST.,N/A,1,1
279,MAN,M09,DISTRICT,NEW,2013,S/W/C BROADWAY AND 125 ST.,N/A,1,1
280,MAN,M09,DISTRICT,NEW,2013,N/E/C BROADWAY AND 136 ST.,N/A,1,1
282,MAN,M09,DISTRICT,NEW,2013,N/E/C AMSTERDAM AVE. AND 112 ST.,N/A,1,1
290,MAN,M09,DISTRICT,NEW,2015,NW BROADWAY AND 114TH ST,N/A,1,1
291,MAN,M09,DISTRICT,NEW,2015,SE BROADWAY AND 114TH ST,N/A,1,1
292,MAN,M09,DISTRICT,NEW,2015,NW BROADWAY AND 115TH ST,N/A,1,1
293,MAN,M09,DISTRICT,NEW,2015,SE BROADWAY AND 115TH ST,N/A,1,1
294,MAN,M09,DISTRICT,NEW,2015,NW BROADWAY AND 116TH ST,N/A,1,1
295,MAN,M09,DISTRICT,NEW,2015,SE BROADWAY AND 116TH ST,N/A,1,1
297,MAN,M10,PARK,OLD,2011,S/W West 123rd Street & Morningside Avenue,NYC PARKS - MORNINGSIDE PARK,1,1
298,MAN,M10,PARK,OLD,2011,W/S of Morningside Avenue & West 114th Street,NYC PARKS - MORNINGSIDE PARK,1,1
299,MAN,M10,PARK,OLD,2011,W/S of Morningside Avenue & West 113th Street,NYC PARKS - MORNINGSIDE PARK,1,1
300,MAN,M10,PARK,OLD,2011,135TH ST AND ST NICHOLAS AVE,NYC PARKS -ST. NICHOLAS PARK,1,1
302,MAN,M10,PARK,OLD,2013,35 WEST 134TH ST - HANSBOROUGH RECREATION CENTER,NYC PARKS - HANSBOROUGH RECREATION CENTER,1,1
303,MAN,M10,BID,NEW,2012,NWC 125TH ST AND ADAM CLAYTON POWELL BLVD,125TH ST BID,1,1
304,MAN,M10,DISTRICT,NEW,2013,NE FREDRICK DOUGLAS BLVD (8TH AVE) AND 111TH ST,N/A,1,1
305,MAN,M10,DISTRICT,NEW,2013,SW FREDRICK DOUGLAS BLVD (8TH AVE) AND 111TH ST,N/A,1,1
306,MAN,M10,DISTRICT,NEW,2013,NW FREDRICK DOUGLAS BLVD (8TH AVE) AND 112TH ST,N/A,1,1
307,MAN,M10,DISTRICT,NEW,2013,NE FREDRICK DOUGLAS BLVD (8TH AVE) AND 113TH ST,N/A,1,1
308,MAN,M10,DISTRICT,NEW,2013,SW FREDRICK DOUGLAS BLVD (8TH AVE) AND 113TH ST,N/A,1,1
309,MAN,M10,DISTRICT,NEW,2013,NE FREDRICK DOUGLAS BLVD (8TH AVE) AND 114TH ST,N/A,1,1
310,MAN,M10,DISTRICT,NEW,2013,SW FREDRICK DOUGLAS BLVD (8TH AVE) AND 114TH ST,N/A,1,1
311,MAN,M10,DISTRICT,NEW,2013,NE FREDRICK DOUGLAS BLVD (8TH AVE) AND 115TH ST,N/A,1,1
315,MAN,M10,DISTRICT,NEW,2014,N/W 112 & ST. NICHOLAS AVE.,N/A,1,1
316,MAN,M10,DISTRICT,NEW,2014,N/E 112 & ST. NICHOLAS AVE.,N/A,1,1
317,MAN,M10,DISTRICT,NEW,2014,S/W 113 & ST. NICHOLAS AVE.,N/A,1,1
318,MAN,M10,DISTRICT,NEW,2014,S/W 114 & ST. NICHOLAS AVE.,N/A,1,1
369,MAN,M11,PARK,OLD,2011,"1 AVE BET. E. 111 ST. AND E. 114 ST. (TRACK, BBQ, BALL FIELD)",NYC PARKS - THOMAS JEFFERSON PARK,0,3
370,MAN,M11,PARK,OLD,2011,1 RANDALLS ISLAND PARK,NYC PARKS - RANDALLS ISLAND,24,24
385,MAN,M11,PARK,NEW,2015,RANDALLS ISLAND,NYC PARKS - RANDALLS ISLAND,50,50
386,MAN,M12,PARK,OLD,2011,"RIVERSIDE DR TO BROADWAY, W 192 ST TO DYCKMAN ST - (JAKOB JAVITZPLAYGROUND, CORBIN CIRCLE)",NYC PARKS - FORT TRYON PARK,5,5
387,MAN,M12,PARK,OLD,2011,BROADWAY AND RIVERSIDE DRIVE,NYC PARKS - FORT TRYON PARK,1,1
388,MAN,M12,PARK,OLD,2011,BROADWAY AND ARDEN,NYC PARKS - FORT TRYON PARK,1,1
389,MAN,M12,PARK,OLD,2012,"DYKMAN ST AND HUDSON RIVER -BASEBALL FIELDS(2), MAIN ENTRANCE, VENDOR",NYC PARKS - DYKMAN FIELDS,5,5
390,MAN,M12,PARK,OLD,2013,2301 AMSTERDAM AVE,NYC PARKS - HIGHBRIDGE RECREATION CENTER,1,1
391,MAN,M12,PARK,OLD,2013,351 FORT WASHINGTON AVE,NYC PARKS - J HOOK RIGHT CENTER,1,1
392,MAN,M12,DISTRICT,NEW,2015,S/W/C 165TH ST AND BROADWAY,N/A,1,1
393,BX,BX01,PARK,OLD,2013,450 ST. ANNS AVE - ST MARYS RECREATION CENTER,NYC PARKS- ST. MARYS RECREATION CENTER,1,1
394,BX,BX02,PARK,OLD,2012,812 EDGEWATER RD - HUNTS POINT RIVERSIDE PARK,ROCKING THE BOAT,3,3
395,BX,BX02,PARK,OLD,2012,765 MANIDA ST - HUNTS POINT RECREATION CENTER,NYC PARKS - HUNTS POINT RECREATION CENTER,1,1
396,BX,BX03,PARK,OLD,2013,1700 FULTON AVE - CROTNA RECREATION CENTER,NYC PARKS - CROTNA RECREATION CENTER,1,1
397,BX,BX04,BID,NEW,2010,S/E/C 161ST ST/GRAND CONCOURSE,161ST BID,1,1
398,BX,BX04,BID,NEW,2011,N/E/C 161ST ST/GRAND CONCOURSE,161ST BID,1,1
399,BX,BX04,PARK,NEW,2015,161-164 WALTON AVE - JOYCE KILMER PARK,NYC PARKS - JOYCE KILMER PARK,10,10
400,BX,BX04,DISTRICT,NEW,2015,N/W 161ST ST AND SHERIDAN AVE,N/A,1,1
401,BX,BX04,DISTRICT,NEW,2015,S/E 161ST ST AND SHERIDAN AVE,N/A,1,1
415,BX,BX06,NON-PROFIT,OLD,2008,2900 SOUTHERN BLVD - VISITORS SERVICE CENTER,BRONX BOTANICAL GARDENS,6,6
416,BX,BX06,NON-PROFIT,NEW,2010,BRONX ZOO - THROUGHOUT THE ZOO,BRONX ZOO,36,36
417,BX,BX06,SCHOOL,OLD,2010,441 EAST FORDHAM RD - SIDE ENTRANCE / MAIN ENTRANCE,FORDHAM UNIVERSITY,2,2
418,BX,BX06,DISTRICT,NEW,2011,ARTHUR AVE AND E 187TH ST,N/A,1,1
419,BX,BX06,DISTRICT,NEW,2012,800 EAST 176TH ST - BRONX BOROUGH OFFICE,N/A,1,1
422,BX,BX06,DISTRICT,NEW,2015,2300 SOUTHERN BLVD - BRONX ZOO MAIN ENTRANCE,N/A,1,1
404,BX,BX08,PARK,OLD,2008,BROADWAY AND MANHATTAN COLLEGE PKWY - VAN CORTLANDT PARK,NYC PARKS - VAN CORTLANDT PARK,1,1
405,BX,BX08,PARK,OLD,2008,IN FRONT OF PARK ENTRANCE BETWEEN 250TH AND 251ST ST - VAN CORTLANDT PARK,NYC PARKS - VAN CORTLANDT PARK,2,2
432,BX,BX08,NON-PROFIT,NEW,2012,5521 MOSHOLU AVE,RIVERDALE NEIGHBORHOOD HOUSE,1,1
433,BX,BX08,SCHOOL,OLD,2012,6301 RIVERDALE AVE - CAMPUS WIDE,COLLEGE OF MT ST VINCENT,24,24
434,BX,BX08,SCHOOL,NEW,2017,6301 RIVERDALE AVE - FRONT ENTRANCE,COLLEGE OF MT ST VINCENT,3,3
435,BX,BX08,DISTRICT,NEW,2015,S/W BROADWAY AND W. 225TH ST,N/A,1,1
436,BX,BX08,DISTRICT,NEW,2015,N/E BROADWAY AND W. 225TH ST,N/A,1,1
437,BX,BX08,DISTRICT,NEW,2015,S/E BROADWAY AND W. 230TH ST,N/A,1,1
438,BX,BX08,DISTRICT,NEW,2015,S/W BROADWAY AND KIMBERLY PL,N/A,1,1
439,BX,BX08,DISTRICT,NEW,2015,N/E BROADWAY AND KIMBERLY PL,N/A,1,1
440,BX,BX08,DISTRICT,NEW,2015,S/E BROADWAY AND VERVEELEN PL,N/A,1,1
441,BX,BX08,DISTRICT,NEW,2015,S/E BROADWAY AND W. 231ST ST,N/A,1,1
442,BX,BX08,DISTRICT,NEW,2015,N/W BROADWAY AND W. 231ST ST,N/A,1,1
443,BX,BX08,DISTRICT,NEW,2015,S/W BROADWAY AND W. 232ND ST,N/A,1,1
444,BX,BX08,DISTRICT,NEW,2015,N/W BROADWAY AND W. 233RD ST,N/A,1,1
445,BX,BX08,DISTRICT,NEW,2015,S/E BROADWAY AND W. 233RD ST,N/A,1,1
446,BX,BX08,DISTRICT,NEW,2015,N/E BROADWAY AND W. 234TH ST,N/A,1,1
447,BX,BX08,DISTRICT,NEW,2015,S/W BROADWAY AND W. 234TH ST,N/A,1,1
448,BX,BX08,DISTRICT,NEW,2015,S/E BROADWAY AND W. 238TH ST,N/A,1,1
449,BX,BX08,DISTRICT,NEW,2015,N/W BROADWAY AND W. 238TH ST,N/A,1,1
450,BX,BX08,DISTRICT,NEW,2015,N/E BROADWAY AND W. 240TH ST,N/A,1,1
451,BX,BX08,DISTRICT,NEW,2015,S/W BROADWAY AND W. 240TH ST,N/A,1,1
454,BX,BX09,DISTRICT,NEW,2015,N/W WESTCHESTER AVE AND CASTLEHILL AVE.,N/A,1,1
455,BX,BX09,DISTRICT,NEW,2015,S/E WHITEPLAINS RD AND STORY AVE.,N/A,1,1
456,BX,BX09,DISTRICT,NEW,2015,S/E CROSS BRONX AND HUGH GRANT CIRCLE,N/A,1,1
459,BX,BX10,PARK,OLD,2011,ORCHARD BEACH ROAD - ORCHARD BEACH PICNIC AREA,NYC PARKS - ORCHARD BEACH,1,1
460,BX,BX10,PARK,OLD,2011,ORCHARD BEACH ROAD - ORCHARD BEACH BOATHOUSE,NYC PARKS - ORCHARD BEACH,1,1
461,BX,BX10,PARK,OLD,2011,ORCHARD BEACH ROAD - PELHAM PLAYGROUND,NYC PARKS - ORCHARD BEACH,1,1
462,BX,BX10,PARK,OLD,2011,ORCHARD BEACH ROAD - BASKETBALL COURT AREA,NYC PARKS - ORCHARD BEACH,1,1
463,BX,BX10,PARK,OLD,2011,ORCHARD BEACH ROAD - ORCHARD BEACH NATURE CENTER,NYC PARKS - ORCHARD BEACH,1,1
464,BX,BX10,PARK,OLD,2011,2551 WESTCHESTER AVE - OWEN DOLEN RECREATION CENTER,NYC PARKS -OWEN DOLEN RECREATION CENTER,1,1
470,BX,BX11,DISTRICT,NEW,2015,S/W/C MORRIS PARK AVE AND HAIGHT AVE.,N/A,1,1
471,BX,BX11,DISTRICT,NEW,2015,S/W MORRIS PARK AVE AND WILLIAMSBRIDGE RD.,N/A,1,1
473,BX,BX11,DISTRICT,NEW,2015,N/E WHITEPLAINS RD AND LYDIG AVE.,N/A,1,1
474,BX,BX12,DISTRICT,NEW,2012,N/E/C GUN HILL RD AND BRONXWOOD AVE,N/A,1,1
475,BKN,BK01,PARK,NEW,2008,MC CARREN PARK,NYC PARKS,8,8
476,BKN,BK01,PARK,OLD,2013,MCCARREN PLAY CENTER,NYC PARKS,1,1
477,BKN,BK02,PARK,OLD,2008,WASHINGTON PARK AND DEKALB AVENUE,NYC PARKS - FORT GREENE,1,1
478,BKN,BK02,PARK,OLD,2008,GREENE AVENUE BETWEEN FULTON ST AND CUMBERLAND ST,NYC PARKS -CUYLER GORE PARK,1,1
479,BKN,BK02,PARK,OLD,2008,LAFAYETTE AVENUE BETWEEN WAVERLY AVE AND WASHINGTON AVE,NYC PARKS - UNDERWOOD PARK,1,1
480,BKN,BK02,BID,OLD,2008,FRONT ST AND WASHINGTON ST,BID - DUMBO BROOKLYN HEIGHTS,1,1
481,BKN,BK02,BID,OLD,2008,FRONT ST AND JAY ST,BID - DUMBO BROOKLYN HEIGHTS,1,1
482,BKN,BK02,BID,OLD,2011,MYRTLE AVE AND ASHLAND PL,BID - MYRTLE AVE BID,1,1
483,BKN,BK02,BID,OLD,2011,MYRTLE AVE AND ADELPHI ST,BID - MYRTLE AVE BID,1,1
484,BKN,BK02,BID,OLD,2011,MYRTLE AVE AND CLINTON AVE,BID - MYRTLE AVE BID,1,1
485,BKN,BK02,BID,NEW,2017,S/E MYRTLE AVE AND HALL ST,BID - MYRTLE AVE BID,1,1
486,BKN,BK02,BID,NEW,2017,N/E MYRTLE AVE AND GRAND ST,BID - MYRTLE AVE BID,1,1
487,BKN,BK02,BID,NEW,2017,S/E MYRTLE AVE AND STEUBEN ST,BID - MYRTLE AVE BID,1,1
488,BKN,BK02,BID,NEW,2017,S/W MYRTLE AVE AND EMERSON PL,BID - MYRTLE AVE BID,1,1
489,BKN,BK02,BID,NEW,2017,S/W MYRTLE AVE AND EMERSON PL,BID - MYRTLE AVE BID,1,1
490,BKN,BK02,BID,OLD,2011,LAFAYETTE & FULTON ST,BID - FAB,1,1
491,BKN,BK02,BID,OLD,2011,FULTON ST & LAFAYETTE/GREENE/S OXFORD,BID - FAB,1,1
492,BKN,BK02,BID,OLD,2011,FULTON ST & CLINTON AVE,BID - FAB,1,1
493,BKN,BK02,BID,OLD,2011,FULTON ST & WASHINGTON AVE,BID - FAB,2,2
494,BKN,BK02,BID,OLD,2011,PUTNAM TRIANGLE,BID - FAB,2,2
495,BKN,BK02,BID,OLD,2011,727 FULTON ST @ NE CORNER OF S. ELLIOTT PL,BID - FAB,1,1
496,BKN,BK02,CITY AGENCY,NEW,2012,360 ADAMS ST - INSIDE BUILDING,DCAS,2,2
497,BKN,BK02,CITY AGENCY,NEW,2012,345 ADAMS ST - INSIDE BUILDING,DCAS,1,1
498,BKN,BK02,CITY AGENCY,NEW,2012,210 JORALEMON ST - INSIDE BUILDING,DCAS,3,3
499,BKN,BK02,CITY AGENCY,NEW,2012,141 LIVINGSTON ST - INSIDE BUILDING,DCAS,1,1
500,BKN,BK02,CITY AGENCY,NEW,2012,120 SCHERMERHORN ST - INSIDE BUILDING,DCAS,1,1
501,BKN,BK02,DISTRICT,OLD,2012,DEKALB AVE AND CLERMONT AVE,N/A,1,1
502,BKN,BK02,DISTRICT,OLD,2012,N/E ATLANTIC AVE AND CLINTON ST,N/A,1,1
503,BKN,BK02,DISTRICT,OLD,2012,S/W ATLANTIC AVE AND CLINTON ST,N/A,1,1
508,BKN,BK02,DISTRICT,OLD,2012,S/E ATLANTIC AVE AND HOYT ST,N/A,1,1
509,BKN,BK02,DISTRICT,OLD,2012,N/W ATLANTIC AVE AND HOYT ST,N/A,1,1
510,BKN,BK02,SPORTS ARENA,OLD,2012,6TH AVE AND ATLANTIC AVE,BARCLAY CENTER,1,1
511,BKN,BK02,SPORTS ARENA,OLD,2012,6TH AVE AND DEAN ST,BARCLAY CENTER,1,1
512,BKN,BK02,DISTRICT,NEW,2014,N/W CADMAN PL AND PIERPONT,N/A,1,1
513,BKN,BK02,DISTRICT,NEW,2014,S/WCADMAN PL AND PIERPONT,N/A,1,1
514,BKN,BK02,DISTRICT,NEW,2014,S/W CADMAN PL AND CLINTON,N/A,1,1
515,BKN,BK02,DISTRICT,NEW,2014,N/E CADMAN PL AND CLINTON,N/A,1,1
516,BKN,BK02,DISTRICT,NEW,2014,S/E CADMAN PL AND JOHNSON ST,N/A,1,1
517,BKN,BK02,DISTRICT,NEW,2014,N/E CADMAN PL AND JOHNSON,N/A,1,1
518,BKN,BK02,DISTRICT,NEW,2014,N/W MONTAGUE ST AND COURT ST,N/A,1,1
519,BKN,BK02,DISTRICT,NEW,2014,N/E MONTAGUE ST AND COURT ST,N/A,1,1
520,BKN,BK02,DISTRICT,NEW,2014,N/W MONTAGUE ST AND CLINTON ST,N/A,1,1
521,BKN,BK02,DISTRICT,NEW,2014,N/E MONTAGUE ST AND CLINTON ST,N/A,1,1
522,BKN,BK02,DISTRICT,NEW,2014,N/E MONTAGUE ST AND HENRY ST,N/A,1,1
523,BKN,BK02,DISTRICT,NEW,2014,S/W MONTAGUE ST AND HENRY ST,N/A,1,1
524,BKN,BK02,DISTRICT,NEW,2014,N/W MONTAGUE ST AND HICKS ST,N/A,1,1
525,BKN,BK02,DISTRICT,NEW,2014,S/E MONTAGUE ST AND HICKS ST,N/A,1,1
526,BKN,BK02,DISTRICT,NEW,2014,N/W HENRY ST AND ORANGE ST,N/A,1,1
527,BKN,BK02,DISTRICT,NEW,2014,N/W HENRY ST AND PINEAPPLE ST,N/A,1,1
528,BKN,BK02,DISTRICT,NEW,2014,S/W HENRY ST AND CLARK ST,N/A,1,1
529,BKN,BK02,DISTRICT,NEW,2014,BROOKLYN BRIDGE PARK - PIER 6,N/A,2,2
530,BKN,BK02,DISTRICT,NEW,2014,BROOKLYN BRIDGE PARK - JORALEMON ST/FURMAN ST,N/A,1,1
531,BKN,BK02,DISTRICT,NEW,2014,BROOKLYN BRIDGE PARK - PIER 1,N/A,1,1
532,BKN,BK02,DISTRICT,NEW,2014,BROOKLYN BRIDGE PARK - PIER 1,N/A,1,1
533,BKN,BK02,DISTRICT,NEW,2014,PEARL STREET TRIANGLE,N/A,1,1
534,BKN,BK02,BID,NEW,2017,WATER STREET BETWEEN ADAMS ST AND ANCHORAGE PL,BID - DUMBO BROOKLYN HEIGHTS,1,1
535,BKN,BK03,BID,OLD,2013,670 LAFAYETTE AVE,NYC PARKS - VON KING REC CENTER,3,3
536,BKN,BK05,BID,OLD,2010,1334 PENNSYLVANIA AVE,STARRET CITY MGT,3,3
537,BKN,BK08,DISTRICT,NEW,2012,WASHINGTON AND EASTERN PARKWAY,N/A,1,1
537,BKN,BK08,DISTRICT,NEW,2012,N/W FRANKLIN AND EASTERN PARKWAY,N/A,1,1
538,BKN,BK08,PARK,OLD,2013,1251 PROSPECT PLACE,NYC PARKS - ST JOHNS REC CENTER,4,4
539,BKN,BK08,DISTRICT,NEW,2015,S/E KINGSTON AVE AND ST JOHNS PL,N/A,1,1
540,BKN,BK09,ZOO,OLD,2012,450 FLATBUSH AVE - PP ZOO,PROSPECT PARK ZOO,6,6
541,BKN,BK09,NON-PROFIT,OLD,2012,10 GRAND ARMY PLAZA,NYC PARKS - BK PUBLIC LIBRARY,3,3
542,BKN,BK09,NON-PROFIT,OLD,2013,990 WASHINGTON AVE - BBG,BROOKLYN BOTANICAL GARDENS,4,4
543,BKN,BK16,PARK,OLD,2013,1555 LINDEN BLVD,NYC PARKS - BROWNSVILL REC CENTER,2,2
544,BKS,BK06,PARK,OLD,2008,9TH ST AND PPW,NYC PARKS - PROSPECT PARK,1,1
545,BKS,BK06,BID,OLD,2008,7TH AVE AND 6TH ST,BID - PARK SLOPE,1,1
546,BKS,BK06,PARK,OLD,2010,PPSW AND 15TH ST,NYC PARKS - PROSPECT PARK,1,1
547,BKS,BK06,PARK,NEW,2010,PPSW AND 15TH ST,NYC PARKS - PROSPECT PARK,2,2
548,BKS,BK06,PARK,OLD,2010,5TH AVE AND 4TH ST,NYC PARKS - JJ BYRNE PARK,2,2
549,BKS,BK06,PARK,OLD,2010,BERKLEY PL (BTW 5TH AVE AND 6TH AVE),NYC PARKS - PARK SLOPE PLAYGROUND,1,1
550,BKS,BK06,PARK,NEW,2010,SMITH ST AND PRESIDENT ST,NYC PARKS - CARROLL PARK,1,1
551,BKS,BK06,PARK,OLD,2010,CLINTON ST (BTW VERANDAH AND CONGRESS),NYC PARKS - COBBLE HILL PARK,1,1
552,BKS,BK06,DISTRICT,OLD,2012,N/W 5TH AVE AND 5TH ST,N/A,1,1
553,BKS,BK06,DISTRICT,NEW,2014,SW 7TH AVENUE AND 6TH ST,N/A,1,1
554,BKS,BK06,DISTRICT,NEW,2014,NE 7TH AVENUE AND 6TH ST,N/A,1,1
555,BKS,BK06,DISTRICT,NEW,2014,SW 7TH AVENUE AND 5TH ST,N/A,1,1
556,BKS,BK06,DISTRICT,NEW,2014,NW 7TH AVENUE AND 5TH ST,N/A,1,1
557,BKS,BK06,DISTRICT,NEW,2014,NW 7TH AVENUE AND 4TH ST,N/A,1,1
558,BKS,BK06,DISTRICT,NEW,2014,SE 7TH AVENUE AND 4TH ST,N/A,1,1
559,BKS,BK06,DISTRICT,NEW,2014,NE 7TH AVENUE AND 3RD ST,N/A,1,1
560,BKS,BK06,DISTRICT,NEW,2014,SW 7TH AVENUE AND 3RD ST,N/A,1,1
561,BKS,BK06,DISTRICT,NEW,2014,SE 7TH AVENUE AND 2ND ST,N/A,1,1
562,BKS,BK06,DISTRICT,NEW,2014,NW 7TH AVENUE AND 2ND ST,N/A,1,1
563,BKS,BK06,DISTRICT,NEW,2014,SE 7TH AVENUE AND 1ST ST,N/A,1,1
564,BKS,BK06,DISTRICT,NEW,2014,NW 7TH AVENUE AND 1ST ST,N/A,1,1
565,BKS,BK06,DISTRICT,NEW,2014,SW 7TH AVENUE AND GARFIELD PL,N/A,1,1
566,BKS,BK06,DISTRICT,NEW,2014,SE 7TH AVENUE AND GARFIELD PL,N/A,1,1
567,BKS,BK06,DISTRICT,NEW,2014,SE 7TH AVENUE AND CARROLL ST,N/A,1,1
568,BKS,BK06,DISTRICT,NEW,2014,NW 7TH AVENUE AND CARROLL ST,N/A,1,1
569,BKS,BK06,DISTRICT,NEW,2014,SW 7TH AVENUE AND PRESIDENT ST,N/A,1,1
570,BKS,BK06,DISTRICT,NEW,2014,NE 7TH AVENUE AND PRESIDENT ST,N/A,1,1
571,BKS,BK06,DISTRICT,NEW,2014,NE 7TH AVENUE AND UNION ST,N/A,1,1
572,BKS,BK06,DISTRICT,NEW,2014,SW 7TH AVENUE AND UNION ST,N/A,1,1
573,BKS,BK06,DISTRICT,NEW,2014,S/E SMITH ST AND 3RD ST,N/A,1,1
574,BKS,BK06,DISTRICT,NEW,2014,N/W SMITH ST AND 2ND PL,N/A,1,1
575,BKS,BK06,DISTRICT,NEW,2014,S/E SMITH ST AND 2ND ST,N/A,1,1
576,BKS,BK06,DISTRICT,NEW,2014,N/W SMITH ST AND 1ST PL,N/A,1,1
577,BKS,BK06,DISTRICT,NEW,2014,S/E SMITH ST AND CARROLL ST,N/A,1,1
578,BKS,BK06,DISTRICT,NEW,2014,S/E SMITH ST AND CARROLL ST,N/A,1,1
579,BKS,BK06,DISTRICT,NEW,2014,N/W SMITH ST AND PRESIDENT ST,N/A,1,1
580,BKS,BK06,DISTRICT,NEW,2014,S/E SMITH ST AND PRESIDENT ST,N/A,1,1
581,BKS,BK06,DISTRICT,NEW,2014,N/E SMITH ST AND UNION ST,N/A,1,1
582,BKS,BK06,DISTRICT,NEW,2014,S/W SMITH ST AND UNION ST,N/A,1,1
583,BKS,BK06,DISTRICT,NEW,2014,N/E SMITH ST AND SACKETT ST,N/A,1,1
584,BKS,BK06,DISTRICT,NEW,2014,S/W SMITH ST AND SACKETT ST,N/A,1,1
585,BKS,BK06,DISTRICT,NEW,2014,N/W SMITH ST AND DEGRAW ST,N/A,1,1
586,BKS,BK06,DISTRICT,NEW,2014,S/E SMITH ST AND DEGRAW ST,N/A,1,1
587,BKS,BK06,DISTRICT,NEW,2014,N/W SMITH ST AND DOUGLASS ST,N/A,1,1
588,BKS,BK06,DISTRICT,NEW,2014,S/W SMITH ST AND DOUGLASS ST,N/A,1,1
589,BKS,BK06,DISTRICT,NEW,2014,N/W SMITH ST AND BUTLER ST,N/A,1,1
590,BKS,BK06,DISTRICT,NEW,2014,S/E SMITH ST AND BUTLER ST,N/A,1,1
591,BKS,BK06,DISTRICT,NEW,2014,N/E SMITH ST AND BALTIC ST,N/A,1,1
592,BKS,BK06,DISTRICT,NEW,2014,S/W SMITH ST AND BALTIC ST,N/A,1,1
593,BKS,BK06,DISTRICT,NEW,2014,N/W COURT ST AND BALTIC ST,N/A,1,1
594,BKS,BK06,DISTRICT,NEW,2014,S/E COURT ST AND BALTIC ST,N/A,1,1
595,BKS,BK06,DISTRICT,NEW,2014,S/W COURT ST AND KANE ST,N/A,1,1
596,BKS,BK06,DISTRICT,NEW,2014,S/E COURT ST AND BUTLER ST,N/A,1,1
597,BKS,BK06,DISTRICT,NEW,2014,N/E COURT ST AND DOUGLASS ST,N/A,1,1
598,BKS,BK06,DISTRICT,NEW,2014,N/E COURT ST AND DEGRAW ST,N/A,1,1
599,BKS,BK06,DISTRICT,NEW,2014,S/W COURT AND DEGRAW ST,N/A,1,1
600,BKS,BK06,DISTRICT,NEW,2014,N/W COURT ST AND SACKETT ST,N/A,1,1
601,BKS,BK06,DISTRICT,NEW,2014,S/E COURT ST AND SACKETT ST,N/A,1,1
602,BKS,BK06,DISTRICT,NEW,2014,N/E COURT ST AND UNION ST,N/A,1,1
603,BKS,BK06,DISTRICT,NEW,2014,S/W COURT ST AND UNION ST,N/A,1,1
604,BKS,BK06,DISTRICT,NEW,2014,S/W COURT ST AND PRESIDENT ST,N/A,1,1
605,BKS,BK06,DISTRICT,NEW,2014,S/W COURT ST AND CARROLL ST,N/A,1,1
606,BKS,BK06,DISTRICT,NEW,2014,N/E COURT ST AND CARROLL ST,N/A,1,1
607,BKS,BK06,DISTRICT,NEW,2014,N/E COURT ST AND 1ST PLACE,N/A,1,1
608,BKS,BK06,DISTRICT,NEW,2014,S/W COURT AND 1ST PLACE,N/A,1,1
609,BKS,BK06,DISTRICT,NEW,2014,N/W COURT ST AND 2ND PLACE,N/A,1,1
610,BKS,BK06,DISTRICT,NEW,2014,S/E COURT ST AND 2ND PLACE,N/A,1,1
611,BKS,BK06,DISTRICT,NEW,2014,N/E COURT ST AND 3RD PLACE,N/A,1,1
612,BKS,BK06,DISTRICT,NEW,2014,S/W COURT ST AND 3RD PLACE,N/A,1,1
613,BKS,BK06,DISTRICT,NEW,2014,N/W COURT ST AND 4TH PLACE,N/A,1,1
614,BKS,BK06,DISTRICT,NEW,2014,S/E COURT ST AND 4TH PLACE,N/A,1,1
615,BKS,BK06,DISTRICT,NEW,2014,N/W COURT ST AND LIQUER ST,N/A,1,1
616,BKS,BK06,DISTRICT,NEW,2014,S/E COURT ST AND LUQUER ST,N/A,1,1
617,BKS,BK07,BID,OLD,2008,5TH AVE AND 44TH ST,BID - SUNSET PARK BID,1,1
618,BKS,BK07,PARK,OLD,2010,41ST AND 3RD AVE,NYC PARKS - PLAYGROUND 340,1,1
619,BKS,BK07,DISTRICT,OLD,2012,PROSPECT PARK WEST AND 18TH ST,N/A,1,1
620,BKS,BK07,PARK,OLD,2013,7TH AVE BETWEEN 43RD ST AND 42ND ST,NYC PARKS - SUNSET RECREATION CENTER,3,3
621,BKS,BK07,DISTRICT,NEW,2015,S/W PROSPECT PARK WEST & BARTEL PRITCHARD SQ,N/A,1,1
622,BKS,BK07,DISTRICT,NEW,2015,S/W PROSPECT PARK WEST & 16TH ST,N/A,1,1
623,BKS,BK07,DISTRICT,NEW,2015,S/W PROSPECT PARK WEST & WINDSOR PL,N/A,1,1
624,BKS,BK07,DISTRICT,NEW,2015,S/E PROSPECT PARK WEST & PROSPECT AVE,N/A,1,1
625,BKS,BK07,DISTRICT,NEW,2015,S/W PROSPECT PARK WEST & PROSPECT AVE,N/A,1,1
626,BKS,BK07,DISTRICT,NEW,2015,S/W PROSPECT PARK WEST & 17TH ST,N/A,1,1
627,BKS,BK07,DISTRICT,NEW,2015,S/W PROSPECT PARK WEST & 18TH ST,N/A,1,1
628,BKS,BK07,DISTRICT,NEW,2015,N/E PROSPECT PARK WEST & 17TH ST,N/A,1,1
629,BKS,BK07,DISTRICT,NEW,2015,N/E PROSPECT PARK WEST & PROSPECT AVE,N/A,1,1
630,BKS,BK07,DISTRICT,NEW,2015,N/E PROSPECT PARK WEST &WINDSOR PL,N/A,1,1
631,BKS,BK07,DISTRICT,NEW,2015,N/E PROSPECT PARK WEST & 16TH ST,N/A,1,1
632,BKS,BK07,DISTRICT,NEW,2015,N/E PROSPECT PARK WEST & BARTEL PRITCHARD SQ,N/A,1,1
633,BKS,BK10,BID,OLD,2008,5TH AVE AND BAY RIDGE PARKWAY,BID - BAY RIDGE,0,1
634,BKS,BK10,PARK,OLD,2010,79TH ST AND SHORE RD,NYC PARKS - SHORE RD PLAYGROUND,1,1
635,BKS,BK10,DISTRICT,NEW,2015,N/W 74TH ST & 3RD AVE,N/A,1,1
636,BKS,BK10,DISTRICT,NEW,2015,S/W 74TH ST & 3RD AVE,N/A,1,1
637,BKS,BK10,DISTRICT,NEW,2015,S/E 86TH ST & SHORE RD,N/A,1,1
638,BKS,BK10,DISTRICT,NEW,2015,N/W 86TH ST & SHORE RD,N/A,1,1
639,BKS,BK10,DISTRICT,NEW,2015,S/E 86TH ST & 3RD AVE,N/A,1,1
640,BKS,BK10,DISTRICT,NEW,2015,N/W 86TH ST & 3RD AVE,N/A,1,1
641,BKS,BK10,DISTRICT,NEW,2015,S/E 86TH ST & 4TH AVE,N/A,1,1
642,BKS,BK10,DISTRICT,NEW,2015,N/W 86TH ST & 4TH AVE,N/A,1,1
643,BKS,BK13,PARK,OLD,2009,W5TH ST AND SURF AVE,NYC PARKS - ASSER LEVY PARK,1,1
644,BKS,BK13,DISTRICT,NEW,2015,N/W MERMAID AVE & STILLWELL AVE,N/A,1,1
645,BKS,BK13,DISTRICT,NEW,2015,S/W MERMAID AVE & STILLWELL AVE,N/A,1,1
646,BKS,BK13,DISTRICT,NEW,2015,S/W NEPTUNE AVE & STILLWELL AVE,N/A,1,1
647,BKS,BK13,DISTRICT,NEW,2015,S/E NEPTUNE AVE & STILLWELL AVE,N/A,1,1
648,BKS,BK13,DISTRICT,NEW,2015,S/W SURF AVE & STILLWELL AVE,N/A,1,1
649,BKS,BK13,DISTRICT,NEW,2015,S/E SURF AVE & STILLWELL AVE,N/A,1,1
650,BKS,BK13,DISTRICT,NEW,2015,N/E NEPTUNE AVE & CROPSEY AVE,N/A,1,1
651,BKS,BK13,DISTRICT,NEW,2015,S/E NEPTUNE AVE & CROPSEY AVE,N/A,1,1
652,BKS,BK13,DISTRICT,NEW,2015,S/W NEPTUNE AVE & WEST 6TH,N/A,1,1
653,BKS,BK13,DISTRICT,NEW,2015,S/W WEST 12TH & SURF AVE,N/A,1,1
654,BKS,BK13,DISTRICT,NEW,2015,S/E WEST 10TH & SURF AVE,N/A,1,1
655,BKS,BK13,NON-PROFIT,NEW,2015,NY AQUARIUM,NY AQUARIUM,28,28
656,BKS,BK14,DISTRICT,NEW,2015,NEWKIRK PLAZA AND E16TH ST,N/A,1,1
657,BKS,BK14,DISTRICT,NEW,2015,NEWKIRK PLAZA AND MARBOROUGH,N/A,1,1
658,BKS,BK18,DISTRICT,NEW,2015,FLOYD BENNET FIELD TRAINING CENTER,N/A,9,9
659,QW,QW01,BID,OLD,2009,STEINWAY ST BETWEEN 34TH & BROADWAY,BID - STIENWAY STREET BID,1,1
660,QW,QW01,PARK,OLD,2011,ASTORIA BLVD SOUTH AND 31ST ST,NYC PARKS - COLUMBUS TRIANGLE (ASTORIA TRIANGLE),1,1
661,QW,QW01,DISTRICT,NEW,2015,N/W 41 ST. AND BROADWAY,N/A,1,1
662,QW,QW01,DISTRICT,NEW,2015,N/W 21 ST. AND BROADWAY,N/A,1,1
663,QW,QW01,DISTRICT,NEW,2015,S/W BROADWAY AND STIENWAY,N/A,1,1
664,QW,QW01,DISTRICT,NEW,2015,N/E QUEENS PLAZA NORTH AND CRESCENT ST,N/A,1,1
665,QW,QW01,DISTRICT,NEW,2015,N/E VERNON BL AND BROADWAY,N/A,1,1
666,QW,QW01,DISTRICT,NEW,2015,N/E 35 AVE AND 37 ST,N/A,1,1
667,QW,QW01,DISTRICT,NEW,2015,S/W CORNER OF ASTORIA BLVD. AND 21 STREET,N/A,1,1
668,QW,QW02,PARK,OLD,2011,48-21 39TH AVE,SUNNYSIDE GARDENS PARK,3,3
670,QW,QW02,DISTRICT,NEW,2015,S/W GREENPOINT AVE AND 46 ST,N/A,1,1
671,QW,QW02,DISTRICT,NEW,2015,58 ST. AND 53 AVE (QW BORO),N/A,1,1
674,QW,QW04,PARK,OLD,2007,HOFFMAN DRIVE AND WOODHAVEN BLVD,NYC PARKS - HOFFMAN PARK,6,6
675,QW,QW04,PARK,OLD,2008,PASSERELLE CIRCLE - FLUSHING MEADOW PARK,NYC PARKS - FLUSHING MEADOW PARK,1,1
676,QW,QW04,PARK,OLD,2011,79TH ST AND GRAND AVE,NYC PARKS - ELMHURST PARK,2,2
677,QW,QW04,PARK,OLD,2011,FLUSHING MEADOW PARK PLAYGROUNDS,NYC PARKS - FLUSHING MEADOW PARK,7,7
678,QW,QW04,PARK,OLD,2011,QUEENS HALL OF SCIENCE - FLUSHING MEADOW PARK,NYC PARKS - FLUSHING MEADOW PARK,1,1
679,QW,QW04,ZOO,OLD,2011,QUEENS ZOO - FLUSHING MEADOW PARK,NYC PARKS - FLUSHING MEADOW PARK,5,5
680,QW,QW04,PARK,OLD,2011,QUEENS THEATRE - FLUSHING MEADOW PARK,NYC PARKS - FLUSHING MEADOW PARK,1,1
681,QW,QW04,PARK,OLD,2011,QUEENS MUSEUM - FLUSHING MEADOW PARK,NYC PARKS - FLUSHING MEADOW PARK,2,2
682,QW,QW04,PARK,OLD,2011,AL ORTER RECREATION CENTER - FLUSHING MEADOW PARK,NYC PARKS - FLUSHING MEADOW PARK,1,1
683,QW,QW04,DISTRICT,NEW,2015,N/E QUEENS BLVD AND 56TH AVE,N/A,1,1
684,QW,QW04,DISTRICT,NEW,2015,N/E QUEENS BLVD AND 55TH AVE,N/A,1,1
685,QW,QW04,DISTRICT,NEW,2015,R/S BROADWAY BET JUSTICE AVE & QUEENS BLVD,N/A,1,1
686,QW,QW04,DISTRICT,NEW,2015,S/W/C JUSTICE AVE & BROADWAY,N/A,1,1
687,QW,QW04,DISTRICT,NEW,2015,N/E/C BAXTER & BROADWAY,N/A,1,1
688,QW,QW05,DISTRICT,NEW,2015,N/E/C ELIOT AVE AND 80TH ST,N/A,1,1
689,QW,QW05,DISTRICT,NEW,2015,S/W METROPOLITAN AVE AND FRESH POND RD,N/A,1,1
690,QW,QW05,DISTRICT,NEW,2015,N/W METROPOLITAN AVE AND 80 ST,N/A,1,1
691,QW,QW05,DISTRICT,NEW,2015,S/W METROPOLITAN AVE AND RENTAR PLAZA,N/A,1,1
692,QW,QW05,DISTRICT,NEW,2015,S/E GRAND AVE AND 61 ST,N/A,1,1
693,QW,QW05,DISTRICT,NEW,2015,S/E GRAND AVE AND 69 ST,N/A,1,1
694,QW,QW05,DISTRICT,NEW,2015,N/E GRAND AVE AND 69 ST,N/A,1,1
695,QW,QW05,DISTRICT,NEW,2015,N/E MYRTLE AND FRESH POND RD,N/A,1,1
696,QW,QW05,DISTRICT,NEW,2015,N/E MYRTLE AND FRESH POND RD,N/A,1,1
697,QW,QW05,DISTRICT,NEW,2015,S/E MYRTLE AVENUE & CYPRESS HILLS STREET,N/A,1,1
698,QW,QW05,DISTRICT,NEW,2015,S/S MYRTLE AVENUE AT 80 STREET INTERSECTION,N/A,1,1
699,QW,QW06,PARK,OLD,2011,93-29 QUEENS BLVD - LBH RECREATION CENTER,NYC PARKS - LBH RECREATION CENTER,1,1
700,QW,QW06,DISTRICT,OLD,2012,YELLOWSTONE BLVD AND JUNO ST,N/A,1,1
701,QW,QW06,DISTRICT,NEW,2015,N/W METROPOLITAN AND 71 AVE,N/A,1,1
702,QW,QW06,DISTRICT,NEW,2015,N/E AUSTIN ST.AND ASCAN AVE,N/A,1,1
703,QW,QW06,DISTRICT,NEW,2015,S/W QUEENS BLVD AND ASCAN AVE,N/A,1,1
704,QW,QW06,DISTRICT,NEW,2015,S/W METRO AND SELFRIDGE,N/A,1,1
705,QW,QW06,DISTRICT,NEW,2015,S/W UNION TPK AND 71 ST,N/A,1,1
706,QW,QW06,DISTRICT,NEW,2015,S/W 108 ST AND HORACE HARDING,N/A,1,1
707,QW,QW06,DISTRICT,NEW,2015,N/E YELLOWSTONE AND 62 RD,N/A,1,1
708,QW,QW06,DISTRICT,NEW,2015,N/W YELLOWSTONE AND 64 AVE,N/A,1,1
709,QW,QW06,DISTRICT,NEW,2015,S/W AUSTIN ST AND 63 DR,N/A,1,1
710,QW,QW06,DISTRICT,NEW,2015,N/E 63 DR AND WETHEROLE,N/A,1,1
711,QW,QW06,DISTRICT,NEW,2015,N/W 63 DRIVE AND QUEENS BLVD,N/A,1,1
712,QW,QW06,DISTRICT,NEW,2015,N/E 67AVE AND QUEENS BLVD,N/A,1,1
713,QW,QW06,DISTRICT,NEW,2015,S/E 71AVE AND QUEENS BLVD,N/A,1,1
714,QW,QW09,DISTRICT,NEW,2017,QUEENS BLVD & 82ND AVE (BORO HALL),N/A,1,1
715,QW,QW09,DISTRICT,NEW,2017,QUEENS BLVD & UNION TPKE,N/A,1,1
716,QW,QW09,DISTRICT,NEW,2015,N/E METRO AND AUDLEY ST,N/A,1,1
723,QW,QW09,DISTRICT,NEW,2015,N/W 101 AVE AND 94 ST,N/A,1,1
724,QW,QW09,DISTRICT,NEW,2015,N/E 101 AVENUE AND 111 ST.,N/A,1,1
725,QE,QE07,DISTRICT,OLD,2009,150TH ST AND 14TH AVE,N/A,1,1
726,QE,QE07,NON-PROFIT,OLD,2012,43-50 MAIN ST - QUEENS BOTANICAL GARDEN,QUEENS BOTANICAL GARDEN,10,10
727,QE,QE07,PARK,OLD,2013,DUANE ROAD & TOTTEN AVE - FORT TOTTEN PARK,NYC PARKS - FORT TOTTEN PARK,3,3
728,QE,QE07,DISTRICT,NEW,2014,SE MAIN ST AND BOOTH MEMORIAL AVE,N/A,1,1
729,QE,QE07,DISTRICT,NEW,2014,NW MAIN ST AND BOOTH MEMORIAL AVE,N/A,1,1
730,QE,QE07,DISTRICT,NEW,2014,SW MAIN ST AND 57TH ROAD,N/A,1,1
731,QE,QE07,DISTRICT,NEW,2014,NW MAIN ST AND 37TH AVE,N/A,1,1
732,QE,QE07,DISTRICT,NEW,2014,SE MAIN ST AND 41ST RD,N/A,1,1
733,QE,QE07,DISTRICT,NEW,2014,NE MAIN ST AND SANFORD AVE,N/A,1,1
734,QE,QE07,DISTRICT,NEW,2014,SW MAIN ST AND MAPLE AVE,N/A,1,1
735,QE,QE07,DISTRICT,NEW,2014,NE MAIN ST AND MAPLE AVE,N/A,1,1
736,QE,QE07,DISTRICT,NEW,2014,SW MAIN ST AND FRANKLIN AVE,N/A,1,1
737,QE,QE07,DISTRICT,NEW,2014,SW MAIN ST AND BLOSSOM AVE,N/A,1,1
738,QE,QE07,DISTRICT,NEW,2014,NE MAIN ST AND BLOSSOM AVE,N/A,1,1
739,QE,QE07,DISTRICT,NEW,2014,SW MAIN ST AND CHERRY AVE,N/A,1,1
740,QE,QE07,DISTRICT,NEW,2014,NE MAIN ST AND CHERRY AVE,N/A,1,1
741,QE,QE07,DISTRICT,NEW,2014,NW MAIN ST AND DAHLIA AVE,N/A,1,1
742,QE,QE07,DISTRICT,NEW,2014,SE MAIN ST AND DAHLIA AVE,N/A,1,1
743,QE,QE07,DISTRICT,NEW,2014,NW MAIN ST AND ELDER AVE,N/A,1,1
744,QE,QE07,DISTRICT,NEW,2014,SE MAIN ST AND ELDER AVE,N/A,1,1
745,QE,QE08,SCHOOL,NEW,2012,KISSENA BLVD AND HORACE HARDING EXPRESSWAY - QUEENS COLLEGE,CUNY - QUEENS COLLEGE,1,1
,QE,QE08,SCHOOL,NEW,2012,N/W/C 150 STREET / MELBOURNE AVE,CUNY - QUEENS COLLEGE,1,1
746,QE,QE08,SCHOOL,NEW,2012,FRANCIS LEWIS BLVD AND HORACE HARDING EXPRESSWAY - ST FRANCIS PREP,ST FRANCIS PREP,1,1
747,QE,QE08,DISTRICT,OLD,2013,N/E/C 150TH ST/MELBOURNE AVE,N/A,1,1
748,QE,QE08,DISTRICT,OLD,2013,S/E CORNER MAIN ST & REEVES,N/A,1,1
749,QE,QE08,DISTRICT,NEW,2015,N/W MANTON ST & MAIN ST,N/A,1,1
750,QE,QE08,DISTRICT,NEW,2015,S/E HORACE HARDING & 190TH ST,N/A,1,1
751,QE,QE08,DISTRICT,NEW,2015,N/W UNION TPKE & UTOPIA PKWY,N/A,1,1
752,QE,QE08,DISTRICT,NEW,2015,S/E 193RD ST & UNION TPKE,N/A,1,1
752,QE,QE08,DISTRICT,NEW,2018,N/W/C 161ST ST & JEWEL AVE,N/A,1,1
753,QE,QE08,DISTRICT,NEW,2015,S/W 168TH ST & GRAND CENTRAL PKWY,N/A,1,1
754,QE,QE10,PARK,OLD,2009,N. CONDUIT AND 114TH ST - SOUTHERN FIELDS,NYC PARKS - SOUTHERN FIELDS,1,1
755,QE,QE10,PARK,OLD,2009,N. CONDUIT AND 116TH ST - SOUTHERN FIELDS,NYC PARKS - SOUTHERN FIELDS,1,1
756,QE,QE10,DISTRICT,NEW,2015,N/W 130TH ST & 150TH AVE,N/A,1,1
757,QE,QE10,DISTRICT,NEW,2015,S/E 126TH ST & 109TH AVE,N/A,1,1
758,QE,QE10,DISTRICT,NEW,2015,S/W 98TH ST & 109TH AVE,N/A,1,1
759,QE,QE10,DISTRICT,NEW,2015,N/E 90TH ST & SUTTER AVE,N/A,1,1
760,QE,QE10,DISTRICT,NEW,2015,S/W 84TH ST & 153RD AVE,N/A,1,1
,QE,QE10,DISTRICT,NEW,2015,165 Avenue AND 96TH ST - CHARLES PARK,N/A,1,1
,QE,QE10,DISTRICT,NEW,2015,165 Avenue AND 97TH ST - CHARLES PARK,N/A,1,1
,QE,QE10,DISTRICT,NEW,2016,165 Avenue AND 98TH ST - CHARLES PARK,N/A,1,1
,QE,QE10,DISTRICT,NEW,2016,165 Avenue AND 99TH ST - CHARLES PARK,N/A,1,1
,QE,QE10,DISTRICT,NEW,2017,Coleman Square and 159th Avenue,N/A,1,1
761,QE,QE10,DISTRICT,NEW,2015,S/W CROSSBAY BLVD & 156TH AVE,N/A,1,1
762,QE,QE10,DISTRICT,NEW,2015,S/W CROSSBAY BLVD & 163RD AVE,N/A,1,1
763,QE,QE11,SCHOOL,OLD,2012,56TH AVE AND 223 ST,QUEENS BOROUGH COLLEGE,1,1
764,QE,QE11,DISTRICT,NEW,2015,S/E CORNER OF 35TH AVE. & BELL BLVD,N/A,1,1
765,QE,QE11,DISTRICT,NEW,2015,W/S OF BELL BLVD. BETWEEN 42ND AVE. AND 41ST. AVE.,N/A,1,1
766,QE,QE11,DISTRICT,NEW,2015,W/S BELL BLVD & 42ND AVE,N/A,2,2
767,QE,QE11,DISTRICT,NEW,2015,S/W HORACE HARDING EXP & SPRINGFIELD BLVD,N/A,1,1
768,QE,QE11,DISTRICT,NEW,2015,N/E HORACE HARDING EXP & SPRINGFIELD BLVD,N/A,1,1
769,QE,QE11,DISTRICT,NEW,2015,N/W HORACE HARDING EXP & SPRINGFIELD BLVD,N/A,1,1
770,QE,QE11,DISTRICT,NEW,2015,S/E SPRINGFIELD BLVD & 56TH AVE,N/A,1,1
771,QE,QE11,DISTRICT,NEW,2015,N/E SPRINGFIELD BLVD & 58TH AVE,N/A,1,1
772,QE,QE11,DISTRICT,NEW,2015,S/E BELL BLVD & 35TH AVE,N/A,1,1
773,QE,QE11,DISTRICT,NEW,2015,S/E LITTLE NECK PARKWAY AND 39TH ROAD,N/A,1,1
774,QE,QE11,DISTRICT,NEW,2015,N/E 192ND STREET AND STATION RD,N/A,1,1
775,QE,QE12,PARK,OLD,2013,177-01 BAISLEY BLVD - ROY WILKINS PARK,NYC PARKS - ROY WILKINS PARK,5,6
776,QE,QE12,PARK,OLD,2013,133-39 GUY BREWER BLVD - VIC HANSEN RECREATION CENTER,NYC PARKS - VIC HANSEN RECREATION CENTER,2,2
777,QE,QE12,PARK,OLD,2013,106-16 173RD ST - DETECTIVE KEITH WILLIAMS RECREATION CENTER,NYC PARKS- DETECTIVE KEITH WILLIAMS RECREATION CENTER,2,2
778,QE,QE12,DISTRICT,NEW,2015,N/E SUTPHIN BLVD AND ARCHER AVE,N/A,1,1
779,QE,QE12,DISTRICT,NEW,2015,S/W SUTPHIN BLVD AND 91ST AVE,N/A,1,1
780,QE,QE12,DISTRICT,NEW,2015,S/E SUTPHIN BLVD AND JAMAICA AVE,N/A,1,1
781,QE,QE12,DISTRICT,NEW,2015,S/E SUTPHIN BLVD HILLSIDE AVE,N/A,1,1
782,QE,QE12,DISTRICT,NEW,2015,S/E ARCHER AVE & 158TH STREET,N/A,1,1
783,QE,QE12,DISTRICT,NEW,2015,S/E HILLSIDE AVE & PARSONS BLVD,N/A,1,1
784,QE,QE12,DISTRICT,NEW,2015,N/E PARSONS BLVD & 90TH AVE,N/A,1,1
785,QE,QE12,DISTRICT,NEW,2015,N/W ARCHER AVE & PARSONS BLVD,N/A,1,1
786,QE,QE13,ZOO,OLD,2012,73-50 LITTLE NECK PARKWAY - QUEENS COUNTY FARM,QUEENS COUNTY FARM,5,5
787,QE,QE13,DISTRICT,OLD,2012,JAMACIA AVE AND SPRINGFIELD BLVD,N/A,1,1
788,QE,QE13,PARK,OLD,2013,WINCHESTER BLVD & GRAND CENTRAL PARKWAY - ALLEY POND ADVENTURE COURSE,NYC PARKS - ALLEY POND ADVENTURE COURSE,3,3
789,QE,QE13,PARK,OLD,2013,WINCHESTER BLVD & UNION TURNPIKE - ALLEY POND PARK HOUSE,NYC PARKS - ALLEY POND PARK,4,4
790,QE,QE13,DISTRICT,NEW,2015,S/W SPRINGFIELD BLVD & 92ND AVE,N/A,1,1
791,QE,QE13,DISTRICT,NEW,2015,N/E JAMAICA AVE & SPRINGFIELD BLVD,N/A,1,1
792,QE,QE13,DISTRICT,NEW,2015,N/E JAMAICA AVE & 217TH ST,N/A,1,1
793,QE,QE13,DISTRICT,NEW,2015,S/W SPRINGFIELD AND JAMAICA AVE,N/A,1,1
794,QE,QE13,DISTRICT,NEW,2015,N/E JAMAICA AVE & FRANCIS LEWIS BLVD,N/A,1,1
795,QE,QE13,DISTRICT,NEW,2015,S/E FRANCIS LEWIS BLVD & HOLLIS AVE,N/A,1,1
796,QE,QE13,DISTRICT,NEW,2015,S/E SPRINGFIELD BLVD & HEMPSTEAD AVE,N/A,1,1
797,QE,QE13,DISTRICT,NEW,2015,N/E SPRINGFIELD BLVD & HEMPSTEAD AVE,N/A,1,1
798,QE,QE13,DISTRICT,NEW,2015,S/W SPRINGFIELD BLVD & 111TH RD,N/A,1,1
799,QE,QE13,DISTRICT,NEW,2015,N/E SPRINGFIELD BLVD & 112TH AVE,N/A,1,1
800,QE,QE13,DISTRICT,NEW,2015,N/W SPRINGFIELD BLVD & MURDOCK,N/A,1,1
801,QE,QE13,DISTRICT,NEW,2015,N/E SPRINGFIELD BLVD & LINDEN BLVD,N/A,1,1
802,QE,QE13,DISTRICT,NEW,2015,N/W LINDEN BLVD & 217TH STREET,N/A,1,1
803,QE,QE13,DISTRICT,NEW,2015,S/E MERRICK BLVD & SPRINGFIELD BLVD,N/A,1,1
804,QE,QE13,DISTRICT,NEW,2015,S/W MERRICK BLVD & 228TH ST.,N/A,1,1
805,QE,QE13,DISTRICT,NEW,2015,S/W MERRICK BLVD & 233RD ST.,N/A,1,1
806,QE,QE13,DISTRICT,NEW,2015,S/W MERRICK BLVD & LAURELTON,N/A,1,1
807,QE,QE13,DISTRICT,NEW,2015,N/W MERRICK BLVD & FRANCIS LEWIS BLVD,N/A,1,1
808,QE,QE13,DISTRICT,NEW,2015,S/E SPRINGFIELD BLVD & 144THAVE,N/A,1,1
809,QE,QE13,DISTRICT,NEW,2015,S/E FARMERS BLVD. & GUY R BREWER BLVD,N/A,1,1
812,QE,QE14,PARK,OLD,2013,B95TH ST/BEACH - ROCKAWAY BEACH,NYC PARKS - ROCKAWAY BEACH,1,0
813,QE,QE14,PARK,OLD,2013,B92ND ST/BEACH - ROCKAWAY BEACH,NYC PARKS - ROCKAWAY BEACH,1,0
816,QE,QE14,PARK,OLD,2013,B28TH ST/BEACH - ROCKAWAY BEACH,NYC PARKS - ROCKAWAY BEACH,1,1
817,QE,QE14,PARK,OLD,2013,B17TH ST/BEACH - ROCKAWAY BEACH,NYC PARKS - ROCKAWAY BEACH,1,1
818,QE,QE14,PARK,OLD,2013,B13TH ST/BEACH - ROCKAWAY BEACH,NYC PARKS - ROCKAWAY BEACH,1,1
819,QE,QE14,PARK,OLD,2013,B9TH ST/BEACH - ROCKAWAY BEACH,NYC PARKS - ROCKAWAY BEACH,1,1
820,QE,QE14,PARK,OLD,2013,18-48 CORNAGA AVE - SORRENTINO RECREATION CENTER,NYC PARKS - SORRENTINO RECREATION CENTER,1,1
821,QE,QE14,DISTRICT,NEW,2015,N/S 100TH ST & BEACH CHANNEL DR,N/A,1,1
822,QE,QE14,DISTRICT,NEW,2015,N/E ROCKAWAY BEACH BLVD & BEACH 129TH ST,N/A,1,1
823,QE,QE14,DISTRICT,NEW,2015,S/W ROCKAWAY BEACH BLVD & BEACH 149TH ST,N/A,1,1
824,QE,QE14,DISTRICT,NEW,2015,N/W 129TH STREET & NEWPORT AVE,N/A,1,1
825,QE,QE14,DISTRICT,NEW,2015,N/W BEACH CHANNEL DRIVE & BEACH 62ND STREET,N/A,1,1
826,QE,QE14,DISTRICT,NEW,2015,N/W MOTT AVE & CORNEGA ST,N/A,1,1
827,QE,QE14,DISTRICT,NEW,2015,N/E BEACH CHANNEL DRIVE & BEACH 51ST STEET,N/A,1,1
828,QE,QE14,DISTRICT,NEW,2015,S/E ROCKAWAY BEACH BLVD & BEACH 110 ST,N/A,1,1
829,SI,SI01,CITY AGENCY,NEW,2011,S/W/C CENTRAL AVE & HYATT ST - COURT HOUSE,DCAS - CRIMINAL COURT,1,1
830,SI,SI01,CITY AGENCY,NEW,2011,S/E/C RICHMOND TERR & WALL ST,DCAS - CRIMINAL COURT,1,1
831,SI,SI01,PARK,OLD,2011,2137 RICHMOMND TERRACE - FABER POOL,NYC PARKS - FABER POOL,1,1
832,SI,SI01,PARK,OLD,2011,899 HENDERSON AVE - WEST BRIGHTON POOL,NYC PARKS - WEST BRIGHTON POOL,1,1
834,SI,SI01,PARK,OLD,2011,DAVIS AVE AND DELAFIELD AVE - BASKETBALL COURTS,NYC PARKS - WALKER PARK,1,1
836,SI,SI01,PARK,NEW,2015,CLOVE RD AND VICTORY BLVD,NYC PARKS - CLOVE LAKE PARK,1,1
837,SI,SI01,PARK,NEW,2015,CLOVE RD AND MARTLINGS AVE,NYC PARKS - CLOVE LAKE PARK,1,1
838,SI,SI01,PARK,NEW,2015,CLOVE RD AND CHESHIRE PL,NYC PARKS - CLOVE LAKE PARK,1,1
839,SI,SI01,PARK,NEW,2015,VICTORY BLVD AND ROYAL OAK RD,NYC PARKS - CLOVE LAKE PARK,1,1
840,SI,SI01,CITY AGENCY,NEW,2015,STUYVESANT PLACE/HYATT ST/10 RICHMOND TERRACE,DCAS - BOROUGH HALL COMPLEX,4,4
841,SI,SI01,BID,NEW,2015,FOREST AVE AND BEMENT AVE,BID - FOREST AVE,1,1
842,SI,SI01,NON-PROFIT,NEW,2015,SNUG HARBOR CULTURAL CENTER,SNUG HARBOR CULTURAL CENTER,8,8
843,SI,SI01,PARK,NEW,2015,6 VICTORY BLVD - LYONS POOL,NYC PARKS - LYONS POOL,1,1
844,SI,SI01,NON-PROFIT,NEW,2015,614 BROADWAY - STATEN ISLAND ZOO,STATEN ISLAND ZOO,6,6
845,SI,SI01,CITY AGENCY,NEW,2015,STATEN ISLAND FERRY TERMINAL,NYC DOT - FACILITY,2,2
846,SI,SI01,CITY AGENCY,NEW,2015,927 CASTLETON AVE - SI CIVIL COURT,DCAS - COURT,1,1
847,SI,SI01,CITY AGENCY,NEW,2015,130 STUYVESANT PLACE - NYC OFFICE BUILDING,DCAS,1,1
848,SI,SI01,DISTRICT,NEW,2015,MANOR RD AND FOREST AVE,N/A,1,1
849,SI,SI01,PARK,NEW,2015,FORT WADSWORTH,NPS - FORT WADSWORTH,8,8
850,SI,SI01,DISTRICT,NEW,2015,N/W VICTORY AND SLOSSON AVE (IFO M&M),N/A,1,1
851,SI,SI01,DISTRICT,NEW,2015,S/S VICTORY BLVD BETWEEN WINTHROP AND MANOR RD (IFO SKATE SHOP @ BUS,N/A,1,1
852,SI,SI01,DISTRICT,NEW,2015,N/S VICTORY BLVD BETWEEN MANOR RD AND RAYMOND AVE (IFO KEY FOOD),N/A,1,1
853,SI,SI01,DISTRICT,NEW,2015,S/S VICTORY BLVD BETWEEN LESTER ST AND MOUNTAINVIEW AVE (IFO WILLIAMS EYE,N/A,1,1
854,SI,SI01,DISTRICT,NEW,2015,N/S VICTORY BLVD BETWEEN WESCOTT BLVD AND JEWETT AVE (IFO JIMMY FINE,N/A,1,1
855,SI,SI01,DISTRICT,NEW,2015,S/E CORNER OF VICTORY BLVD AND QUINLAN AVE,N/A,1,1
856,SI,SI01,DISTRICT,NEW,2015,S/E FOREST AVE AND HART BLVD,N/A,1,1
857,SI,SI01,DISTRICT,NEW,2015,S/E FOREST AVE AND SHARON AVE,N/A,1,1
858,SI,SI01,DISTRICT,NEW,2015,N/W FOREST AVE AND WALBROOKE AVE,N/A,1,1
859,SI,SI01,DISTRICT,NEW,2015,N/W FOREST AVE AND HOYT AVE,N/A,1,1
860,SI,SI01,DISTRICT,NEW,2015,N/E FOREST AVE AND BARD AVE,N/A,1,1
861,SI,SI01,DISTRICT,NEW,2015,S/W FOREST AVE AND NORTH MADA AVE,N/A,1,1
862,SI,SI01,DISTRICT,NEW,2015,N/E FOREST AVE AND REGAN AVE,N/A,1,1
863,SI,SI01,DISTRICT,NEW,2015,S/E FOREST AVE AND OAKLAND AVE,N/A,1,1
864,SI,SI01,DISTRICT,NEW,2015,S/W FOREST AVE AND NORTH BEMENT AVE,N/A,1,1
865,SI,SI01,DISTRICT,NEW,2015,N/W FOREST AVE AND KISSEL AVE,N/A,1,1
866,SI,SI02,PARK,OLD,2011,JEFFERSON ST AND DONGAN HILLS AVE - BERRY HOMES BASEBALL FIELDS,NYC PARKS - GEN. DOUGLAS MACARTHUR PARK,1,1
867,SI,SI02,PARK,OLD,2011,FRANKLIN D. ROOSEVELT BOARDWALK,NYC PARKS - FRANKLIN D. ROOSEVELT BOARDWALK,8,8
868,SI,SI02,SCHOOL,OLD,2011,2800 VICTORY BLVD - COLLEGE OF STATEN ISLAND,CUNY - COLLEGE OF STATEN ISLAND,10,10
869,SI,SI02,PARK,OLD,2011,700 ROCKLAND AVE - GREENBELT NATURE CENTER,NYC PARKS - GREENBELT NATURE CENTER,1,1
870,SI,SI02,PARK,OLD,2011,501 BRIELLE AVE - GREENBELT RECEREATION CENTER,NYC PARKS - GREENBELT RECEREATION CENTER,1,1
871,SI,SI02,PARK,OLD,2011,VICTORY BLVD - INDEPENDENCE PARK,NYC PARKS - INDEPENDENCE PARK,1,1
872,SI,SI02,PARK,OLD,2011,1 ETON PL - WILLOWBROOK PARK BUILDING,NYC PARKS - WILLOWBROOK PARK,1,1
873,SI,SI02,PARK,OLD,2011,1 ETON PL - WILLOWBROOK CAROSUEL,NYC PARKS - WILLOWBROOK PARK,1,1
876,SI,SI02,PARK,NEW,2015,625 FATHER CAPODANNO BLVD - OCEAN BREEZE COMPLEX,NYC PARKS -OCEAN BREEZE TRACK COMPLEX,2,2
877,SI,SI02,DISTRICT,NEW,2015,NEW DORP LANE AND SOUTH RAIL ROAD AVE,N/A,1,1
878,SI,SI02,DISTRICT,NEW,2015,N/E NEW DORP LANE AND CLAWSON ST,N/A,1,1
879,SI,SI02,DISTRICT,NEW,2015,S/E NEW DORP LANE AND CLAWSON ST,N/A,1,1
880,SI,SI02,DISTRICT,NEW,2015,S/W CORNER OF NEW DORP LANE AND 4TH ST (IFO MUNI LOT),N/A,1,1
881,SI,SI02,DISTRICT,NEW,2015,N/W CORNER OF NEW DORP LANE AND NEW DORP PLAZA SOUTH,N/A,1,1
882,SI,SI02,DISTRICT,NEW,2015,S/E CORNER OF NEW DORP LANE AND NEW DORP PLAZA SOUTH,N/A,1,1
883,SI,SI02,DISTRICT,NEW,2015,S/W CORNER OF NEW DORP LANE AND 10TH STREET,N/A,1,1
884,SI,SI02,DISTRICT,NEW,2015,N/E CORNER OF NEW DORP LANE AND EDISON STREET,N/A,1,1
885,SI,SI02,DISTRICT,NEW,2015,S/W CORNER OF CLAWSON STREET AND NEW DORP LANE,N/A,1,1
886,SI,SI02,DISTRICT,NEW,2015,N/W CORNER OF NEW DORP LANE AND HYLAN BLVD,N/A,1,1
887,SI,SI02,PARK,NEW,2015,S/E CORNER OF NEW DORP LANE AND HYLAN BLVD,N/A,1,1
888,SI,SI02,DISTRICT,NEW,2015,NEW DORP LANE - MILLER FIELD COMPLEX,NPS - MILLER FIELD,8,9
889,SI,SI02,DISTRICT,NEW,2015,N/E RICHMOND RD/SEAVER AVE,N/A,1,1
890,SI,SI02,DISTRICT,NEW,2015,N/E RICHMOND RD/DONGAN HILLS AVE,N/A,1,1
891,SI,SI02,DISTRICT,NEW,2015,IFO 1617 RICHMOND ROAD - NY PUBLIC LIBRARY DONGAN HILLS,N/A,1,1
892,SI,SI02,DISTRICT,NEW,2015,SAND LANE AND MCFARLAND AVE,N/A,1,1
893,SI,SI02,DISTRICT,NEW,2015,CLAWSON ST AND OTIS AVE,N/A,1,1
894,SI,SI02,DISTRICT,NEW,2015,RICHMOND AVE AND MORANI ST,N/A,1,1
895,SI,SI02,DISTRICT,NEW,2015,RICHMOND AVE AND MERRIL AVE,N/A,2,2
896,SI,SI02,DISTRICT,NEW,2015,IFO 465 NEW DORP LANE - NEW DORP HS,N/A,1,1
897,SI,SI02,PARK,NEW,2015,CLAWSON ST AND LINDERGH ST,N/A,1,1
898,SI,SI03,PARK,OLD,2011,6900 JOULINE AVE - TOTTENVILLE POOL,NYC PARKS - TOTTENVILLE POOL,1,1
899,SI,SI03,PARK,NEW,2015,IFO 222 POLLION AVE - BLUE HERON NATURE CENTER,NYC PARKS - BLUE HERON NATURE CENTER,1,1
900,SI,SI03,DISTRICT,NEW,2015,SATTERLEE ST. & HYLAN BLVD,N/A,1,1
901,SI,SI03,DISTRICT,NEW,2015,BROWER CT AND NELSON AVE - GREAT KILLS TRAIN STATION,N/A,1,1
902,SI,SI03,PARK,NEW,2015,FRESH KILLS PARK VISITOR CENTER,NYC PARKS - FRESH KILLS PARK,1,1
903,SI,SI03,PARK,NEW,2015,GREAT KILLS PARK,NPS - GREAT KILLS PARK,8,8
904,SI,SI03,DISTRICT,NEW,2015,CLEVELAND PL AND DURANT AVE - IS 24,N/A,1,1
905,SI,SI03,DISTRICT,NEW,2015,IFO 455 HUGUENOT AVE - IS 75,N/A,1,1
906,SI,SI03,DISTRICT,NEW,2015,IFO 100 LUTEN AVE - TOTTENVILLE HS,N/A,1,1
874,SI,SI03,PARK,OLD,2011,LENEVAR AVE AND RAMONA AVE -BLOOMINGDALE PARK,NYC PARKS - BLOOMINGDALE PARK,1,1
875,SI,SI03,PARK,OLD,2011,CORNELIA AVE AND CHESTER AVE - WOLFES POND PARK,NYC PARKS - WOLFES POND PARK,1,1
876,MAN,M01,PRIVATE,N/A,2016,LOCATED THROUGHOUT THE DISTRICT,VARIOUS,74,96
877,MAN,M03,PRIVATE,N/A,2016,LOCATED THROUGHOUT THE DISTRICT,VARIOUS,45,45
878,MAN,M04,PRIVATE,N/A,2016,LOCATED THROUGHOUT THE DISTRICT,VARIOUS,9,9
879,MAN,M05,PRIVATE,N/A,2016,LOCATED THROUGHOUT THE DISTRICT,VARIOUS,33,31
880,MAN,M06,PRIVATE,N/A,2016,LOCATED THROUGHOUT THE DISTRICT,VARIOUS,52,0
881,BKN,BK02,PRIVATE,N/A,2016,LOCATED THROUGHOUT THE DISTRICT,VARIOUS,0,55
